{"cameraMode":{"drawMode":0,"name":"Shaded","section":"Shading Mode"},"sceneLighting":true,"audioPlay":false,"sceneViewState":{"showFog":true,"showMaterialUpdate":false,"showSkybox":true,"showFlares":true,"showImageEffects":true,"showParticleSystems":true,"showVisualEffectGraphs":true,"m_FxEnabled":true},"in2DMode":false,"pivot":{"x":231.36569213867188,"y":132.9423370361328,"z":36.81768798828125},"rotation":{"x":0.19259272515773774,"y":0.008824571967124939,"z":-0.001739639206789434,"w":0.9812469482421875},"size":287.5061950683594,"orthographic":false}